"FirstName","Country","Country"
"Luís","Brazil","Brazil"
"Leonie","Germany","Germany"
"François","Canada","Canada"
"Bjørn","Norway","Norway"
"František","Czech Republic","Czech Republic"
"Helena","Czech Republic","Czech Republic"
"Astrid","Austria","Austria"
"Daan","Belgium","Belgium"
"Kara","Denmark","Denmark"
"Eduardo","Brazil","Brazil"
"Alexandre","Brazil","Brazil"
"Roberto","Brazil","Brazil"
"Fernanda","Brazil","Brazil"
"Mark","Canada","Canada"
"Jennifer","Canada","Canada"
"Frank","USA","USA"
"Jack","USA","USA"
"Michelle","USA","USA"
"Tim","USA","USA"
"Dan","USA","USA"
"Kathy","USA","USA"
"Heather","USA","USA"
"John","USA","USA"
"Frank","USA","USA"
"Victor","USA","USA"
"Richard","USA","USA"
"Patrick","USA","USA"
"Julia","USA","USA"
"Robert","Canada","Canada"
"Edward","Canada","Canada"
"Martha","Canada","Canada"
"Aaron","Canada","Canada"
"Ellie","Canada","Canada"
"João","Portugal","Portugal"
"Madalena","Portugal","Portugal"
"Hannah","Germany","Germany"
"Fynn","Germany","Germany"
"Niklas","Germany","Germany"
"Camille","France","France"
"Dominique","France","France"
"Marc","France","France"
"Wyatt","France","France"
"Isabelle","France","France"
"Terhi","Finland","Finland"
"Ladislav","Hungary","Hungary"
"Hugh","Ireland","Ireland"
"Lucas","Italy","Italy"
"Johannes","Netherlands","Netherlands"
"Stanisław","Poland","Poland"
"Enrique","Spain","Spain"
"Joakim","Sweden","Sweden"
"Emma","United Kingdom","United Kingdom"
"Phil","United Kingdom","United Kingdom"
"Steve","United Kingdom","United Kingdom"
"Mark","Australia","Australia"
"Diego","Argentina","Argentina"
"Luis","Chile","Chile"
"Manoj","India","India"
"Puja","India","India"
